{"cameraMode":{"drawMode":0,"name":"Shaded","section":"Shading Mode"},"sceneLighting":true,"audioPlay":false,"sceneViewState":{"m_AlwaysRefresh":false,"showFog":true,"showSkybox":true,"showFlares":true,"showImageEffects":true,"showParticleSystems":true,"showVisualEffectGraphs":true,"m_FxEnabled":true},"in2DMode":false,"pivot":{"x":-2.708090305328369,"y":0.19494584202766419,"z":0.005727827548980713},"rotation":{"x":0.004499989561736584,"y":0.001499984529800713,"z":-0.000006751893579348689,"w":0.9999887347221375},"size":5.477110385894775,"orthographic":false}